CNAE,Estoque,Admissoes,Desligamentos,Ano,Mes
39568756,1510115,1397995,39786083,2020,1
1520107,80141,63464,1522197,2020,1
7780799,254989,197144,7822052,2020,1
222128,3499,3401,223385,2020,1
7085654,243037,185544,7123581,2020,1
129964,1283,1689,130221,2020,1
343053,7170,6510,344865,2020,1
2093460,154769,119921,2118435,2020,1
8969082,334956,386829,8977893,2020,1
19205368,685260,630637,19345567,2020,1
2424831,71575,72754,2434630,2020,1
2005311,102757,98631,2018012,2020,1
8081958,345455,314750,8113148,2020,1
961653,32533,27744,965151,2020,1
955130,15782,13720,957167,2020,1
164174,6398,5218,165426,2020,1
1194220,53561,42472,1202090,2020,1
4806781,237181,225596,4823314,2020,1
5390323,120186,106238,5466845,2020,1
982469,4404,4946,993876,2020,1
1908566,55512,47029,1963221,2020,1
2499288,60270,54263,2509748,2020,1
203,87,91,225,2020,1
1302742,45200,38173,1312707,2020,1
266757,11167,8672,268836,2020,1
1033870,33952,29469,1041746,2020,1
2115,81,32,2125,2020,1
-60,0,0,-61,2020,1
39568756,1613708,1396381,39491102,2020,2
1520107,79975,77885,1514782,2020,2
7780799,266780,225527,7776745,2020,2
222128,4676,3419,223200,2020,2
7085654,251500,213573,7077897,2020,2
129964,1638,1381,130236,2020,2
343053,8966,7154,345412,2020,2
2093460,147082,122107,2099683,2020,2
8969082,359990,351179,8889426,2020,2
19205368,759881,619682,19210527,2020,2
2424831,82375,72576,2427128,2020,2
2005311,108236,95535,1921878,2020,2
8081958,333324,302134,8069319,2020,2
961653,30454,26956,964745,2020,2
955130,15683,13646,958931,2020,2
164174,6351,5099,165421,2020,2
1194220,49973,42103,1198740,2020,2
4806781,230863,214330,4781482,2020,2
5390323,184078,107556,5489946,2020,2
982469,16336,4929,997477,2020,2
1908566,102627,47972,1974369,2020,2
2499288,65115,54655,2518100,2020,2
203,99,77,212,2020,2
1302742,51769,41804,1302044,2020,2
266757,10710,8631,262811,2020,2
1033870,41024,33148,1037109,2020,2
2115,35,25,2124,2020,2
-60,0,1,-61,2020,2
39568756,1459461,1754442,38509713,2020,3
1520107,76550,83965,1506430,2020,3
7780799,237845,283152,7560519,2020,3
222128,3823,4008,221813,2020,3
7085654,225009,270693,6866137,2020,3
129964,1368,1353,130291,2020,3
343053,7645,7098,342278,2020,3
2093460,133774,152526,2025168,2020,3
8969082,337090,425557,8624244,2020,3
19205368,674202,809242,18793413,2020,3
2424831,79748,87250,2369874,2020,3
2005311,77744,173878,1772110,2020,3
8081958,344629,388458,7919828,2020,3
961653,30569,30975,949809,2020,3
955130,16523,14759,952973,2020,3
164174,5908,5913,161405,2020,3
1194220,48984,52334,1173361,2020,3
4806781,242645,284477,4682280,2020,3
5390323,132750,109649,5466061,2020,3
982469,8115,4514,997293,2020,3
1908566,55033,43885,1946893,2020,3
2499288,69602,61250,2521875,2020,3
203,59,72,186,2020,3
1302742,39272,49935,1265354,2020,3
266757,7527,13552,246992,2020,3
1033870,31717,36354,1016270,2020,3
2115,28,29,2092,2020,3
-60,0,0,-61,2020,3
39568756,664814,1646203,38111467,2020,4
1520107,57214,65566,1521426,2020,4
7780799,100688,316914,7453027,2020,4
222128,2086,3473,221272,2020,4
7085654,94175,305935,6761497,2020,4
129964,723,668,130330,2020,4
343053,3704,6838,339928,2020,4
2093460,64514,139029,2001263,2020,4
8969082,124526,389708,8517963,2020,4
19205368,317872,734986,18617850,2020,4
2424831,38776,96030,2338515,2020,4
2005311,13893,163661,1707993,2020,4
8081958,175452,324943,7869096,2020,4
961653,12245,27181,944307,2020,4
955130,5648,11606,949497,2020,4
164174,1944,5960,159527,2020,4
1194220,19350,44729,1160682,2020,4
4806781,136265,235467,4655083,2020,4
5390323,76983,100868,5453726,2020,4
982469,2618,2802,997805,2020,4
1908566,9742,37218,1925326,2020,4
2499288,64623,60848,2530595,2020,4
203,37,63,165,2020,4
1302742,12731,49421,1248355,2020,4
266757,984,16803,240540,2020,4
1033870,11738,32577,1005723,2020,4
2115,9,41,2092,2020,4
-60,0,0,-62,2020,4
39568756,761771,1160017,38058064,2020,5
1520107,75507,60511,1559186,2020,5
7780799,106364,213856,7444202,2020,5
222128,2635,3176,221831,2020,5
7085654,98733,203373,6753811,2020,5
129964,803,764,130040,2020,5
343053,4193,6543,338520,2020,5
2093460,91125,115030,2015863,2020,5
8969082,153309,259590,8490703,2020,5
19205368,335466,511029,18548172,2020,5
2424831,38644,70003,2327117,2020,5
2005311,15610,79727,1665482,2020,5
8081958,193635,244367,7874900,2020,5
961653,13977,19479,945601,2020,5
955130,6179,9655,947747,2020,5
164174,2654,4532,158978,2020,5
1194220,22647,35326,1155895,2020,5
4806781,148178,175375,4666679,2020,5
5390323,72750,85085,5442590,2020,5
982469,3401,2889,997170,2020,5
1908566,8100,29667,1901930,2020,5
2499288,61249,52529,2543490,2020,5
203,37,58,175,2020,5
1302742,14790,31789,1237908,2020,5
266757,937,7389,235442,2020,5
1033870,13838,24385,1000393,2020,5
2115,15,15,2073,2020,5
-60,0,1,-62,2020,5
39568756,962304,1015707,38166535,2020,6
1520107,90078,52318,1580475,2020,6
7780799,152071,160896,7494363,2020,6
222128,3608,3049,222713,2020,6
7085654,143208,150894,6803361,2020,6
129964,888,1178,130075,2020,6
343053,4367,5775,338214,2020,6
2093460,119900,105300,2055289,2020,6
8969082,203114,230374,8511269,2020,6
19205368,397141,466819,18525201,2020,6
2424831,50155,61553,2321450,2020,6
2005311,19512,62023,1634681,2020,6
8081958,235393,229589,7908232,2020,6
961653,19832,18538,949088,2020,6
955130,7990,9740,947324,2020,6
164174,3322,3871,159299,2020,6
1194220,28212,32999,1161101,2020,6
4806781,176037,164441,4691420,2020,6
5390323,75078,86214,5428512,2020,6
982469,2596,3231,996742,2020,6
1908566,9245,32641,1879298,2020,6
2499288,63237,50342,2552472,2020,6
203,58,48,183,2020,6
1302742,16945,27392,1232143,2020,6
266757,1283,6381,232187,2020,6
1033870,15647,20977,997879,2020,6
2115,15,34,2077,2020,6
-60,0,0,-62,2020,6
39568756,1177122,1068651,38381138,2020,7
1520107,79419,58130,1588081,2020,7
7780799,215519,165358,7584349,2020,7
222128,4212,3330,223603,2020,7
7085654,204628,155078,6890786,2020,7
129964,1099,1064,130144,2020,7
343053,5580,5886,339816,2020,7
2093460,146161,106735,2105285,2020,7
8969082,259748,239182,8555285,2020,7
19205368,476275,499246,18548200,2020,7
2424831,62785,68452,2319011,2020,7
2005311,28813,59614,1614845,2020,7
8081958,279259,245927,7959991,2020,7
961653,23982,20495,954727,2020,7
955130,10473,10896,948489,2020,7
164174,4662,4341,160197,2020,7
1194220,38803,33597,1172993,2020,7
4806781,201339,176598,4723585,2020,7
5390323,83726,97804,5425656,2020,7
982469,2730,3158,996449,2020,7
1908566,13120,35752,1868862,2020,7
2499288,67876,58894,2560345,2020,7
203,53,45,220,2020,7
1302742,21639,27404,1228477,2020,7
266757,2506,5761,230021,2020,7
1033870,19113,21627,996375,2020,7
2115,20,16,2081,2020,7
-60,0,0,-62,2020,7
39568756,1328935,1114332,38680854,2020,8
1520107,71918,64312,1593395,2020,8
7780799,263715,173729,7695859,2020,8
222128,4518,3628,224495,2020,8
7085654,251133,163708,6999836,2020,8
129964,1185,1116,130299,2020,8
343053,6879,5277,341229,2020,8
2093460,158756,108760,2152129,2020,8
8969082,296482,252466,8621779,2020,8
19205368,538064,515065,18617754,2020,8
2424831,68540,70979,2327837,2020,8
2005311,42159,61995,1617296,2020,8
8081958,307490,255731,8024147,2020,8
961653,28002,22363,963440,2020,8
955130,12605,11440,949653,2020,8
164174,5025,4127,160529,2020,8
1194220,45841,33949,1185532,2020,8
4806781,216017,183852,4764993,2020,8
5390323,94117,96973,5418943,2020,8
982469,3409,3702,996259,2020,8
1908566,22570,33006,1857862,2020,8
2499288,68138,60265,2564822,2020,8
203,84,47,242,2020,8
1302742,25674,29340,1229289,2020,8
266757,3930,6096,230249,2020,8
1033870,21729,23233,996970,2020,8
2115,15,11,2070,2020,8
-60,0,0,-62,2020,8
39568756,1490724,1191008,39046830,2020,9
1520107,75370,70056,1589052,2020,9
7780799,306879,195369,7779420,2020,9
222128,4753,3861,225725,2020,9
7085654,293362,184312,7079433,2020,9
129964,1402,1247,130775,2020,9
343053,7362,5949,343487,2020,9
2093460,164184,117340,2187560,2020,9
8969082,344241,277747,8732593,2020,9
19205368,600050,530496,18758267,2020,9
2424831,77783,68957,2343866,2020,9
2005311,60385,57934,1642166,2020,9
8081958,341724,277568,8119225,2020,9
961653,32847,24134,976729,2020,9
955130,13878,12714,946306,2020,9
164174,5729,5397,161897,2020,9
1194220,49248,36709,1200581,2020,9
4806781,240022,198614,4833712,2020,9
5390323,89564,96277,5421731,2020,9
982469,2353,2543,995633,2020,9
1908566,20938,31938,1858162,2020,9
2499288,66273,61796,2567936,2020,9
203,72,50,278,2020,9
1302742,30522,29710,1231001,2020,9
266757,5923,5695,232887,2020,9
1033870,24578,23983,996040,2020,9
2115,21,32,2074,2020,9
-60,0,0,-62,2020,9
39568756,1662537,1296561,39423116,2020,10
1520107,72466,76809,1569406,2020,10
7780799,296781,213220,7824127,2020,10
222128,4845,3615,226817,2020,10
7085654,281937,202340,7122093,2020,10
129964,1614,1138,131081,2020,10
343053,8385,6127,344136,2020,10
2093460,166114,130683,2204133,2020,10
8969082,421132,310318,8908794,2020,10
19205368,706044,565531,18916718,2020,10
2424831,89459,73430,2358986,2020,10
2005311,87990,63120,1677043,2020,10
8081958,396482,301404,8214086,2020,10
961653,39242,25953,977357,2020,10
955130,14960,18307,947527,2020,10
164174,6293,4925,163572,2020,10
1194220,55286,40237,1213806,2020,10
4806781,280701,211982,4911824,2020,10
5390323,95880,93092,5428973,2020,10
982469,1937,2563,993120,2020,10
1908566,25518,25218,1855117,2020,10
2499288,68425,65311,2580736,2020,10
203,118,82,303,2020,10
1302742,36115,34403,1237327,2020,10
266757,8723,6085,235197,2020,10
1033870,27367,28297,1000051,2020,10
2115,25,21,2079,2020,10
-60,0,0,-62,2020,10
39568756,1655476,1279190,39266490,2020,11
1520107,64335,83981,1540367,2020,11
7780799,263374,218667,7771871,2020,11
222128,4536,3444,226143,2020,11
7085654,249897,207237,7072923,2020,11
129964,1619,1313,130752,2020,11
343053,7322,6673,342053,2020,11
2093460,149130,132557,2153350,2020,11
8969082,466134,289933,8954903,2020,11
19205368,712503,554052,18846061,2020,11
2424831,89027,73907,2352703,2020,11
2005311,96996,62119,1696740,2020,11
8081958,398542,303681,8205433,2020,11
961653,32887,32259,979323,2020,11
955130,16115,14894,947708,2020,11
164174,6136,4461,163925,2020,11
1194220,51709,38484,1207369,2020,11
4806781,291695,213583,4907108,2020,11
5390323,91548,84306,5364183,2020,11
982469,1788,4301,976609,2020,11
1908566,21484,24529,1803007,2020,11
2499288,68276,55476,2584567,2020,11
203,92,67,317,2020,11
1302742,36298,29972,1226685,2020,11
266757,8469,6159,233459,2020,11
1033870,27808,23797,991150,2020,11
2115,21,16,2076,2020,11
-60,0,0,-62,2020,11
39568756,1335541,1492167,39520898,2020,12
1520107,52523,81562,1576811,2020,12
7780799,180590,232846,7862970,2020,12
222128,3428,4102,227672,2020,12
7085654,170196,219366,7160767,2020,12
129964,1198,1527,131248,2020,12
343053,5768,7851,343283,2020,12
2093460,100041,150824,2197864,2020,12
8969082,382535,336426,8965089,2020,12
19205368,619852,690509,18918226,2020,12
2424831,71367,77650,2352212,2020,12
2005311,88218,68521,1700485,2020,12
8081958,343542,352195,8254934,2020,12
961653,27458,25492,985318,2020,12
955130,13798,13617,952143,2020,12
164174,5031,4678,166009,2020,12
1194220,40018,46455,1226344,2020,12
4806781,257237,261953,4925120,2020,12
5390323,86854,151644,5382005,2020,12
982469,1450,17961,979728,2020,12
1908566,13683,65793,1794915,2020,12
2499288,71721,67890,2607362,2020,12
203,77,63,331,2020,12
1302742,29794,40436,1228259,2020,12
266757,6511,8249,233083,2020,12
1033870,23260,32161,993094,2020,12
2115,23,26,2082,2020,12
-60,0,0,-62,2020,12
39568756,1710951,1456543,39918705,2021,1
1520107,103882,67438,1601717,2021,1
7780799,312966,221867,7956406,2021,1
222128,5013,3484,230042,2021,1
7085654,297798,209954,7248555,2021,1
129964,1727,1231,131629,2021,1
343053,8428,7198,346180,2021,1
2093460,174729,130215,2243347,2021,1
8969082,386831,376645,9032836,2021,1
19205368,732543,660378,19084461,2021,1
2424831,77274,77765,2362363,2021,1
2005311,92246,88501,1715761,2021,1
8081958,393018,343517,8320169,2021,1
961653,36644,30649,995016,2021,1
955130,17741,13306,955312,2021,1
164174,6995,4911,167828,2021,1
1194220,62418,43443,1241772,2021,1
4806781,269220,251208,4960241,2021,1
5390323,130874,113052,5446105,2021,1
982469,8804,5685,986930,2021,1
1908566,37727,45819,1825371,2021,1
2499288,84343,61548,2633804,2021,1
203,103,89,380,2021,1
1302742,39028,37454,1239683,2021,1
266757,8706,9082,234980,2021,1
1033870,30292,28348,1002615,2021,1
2115,30,24,2088,2021,1
-60,0,0,-62,2021,1
39568756,1863828,1466021,40072860,2021,2
1520107,102677,77771,1605076,2021,2
7780799,337329,243893,7993597,2021,2
222128,5800,3430,231480,2021,2
7085654,319922,232134,7283295,2021,2
129964,1867,1486,131288,2021,2
343053,9740,6843,347534,2021,2
2093460,180760,135277,2267712,2021,2
8969082,424428,356681,9039640,2021,2
19205368,818634,652399,19166897,2021,2
2424831,91095,80944,2373498,2021,2
2005311,98510,83234,1677087,2021,2
8081958,399927,334692,8369382,2021,2
961653,38508,28810,1006605,2021,2
955130,18410,15241,959504,2021,2
164174,7086,5267,169428,2021,2
1194220,61297,45869,1257274,2021,2
4806781,274626,239505,4976571,2021,2
5390323,180681,116581,5506344,2021,2
982469,12067,4865,991082,2021,2
1908566,79326,48870,1837965,2021,2
2499288,89288,62846,2677297,2021,2
203,116,67,417,2021,2
1302742,48305,36881,1240169,2021,2
266757,10288,8391,232062,2021,2
1033870,37991,28470,1006003,2021,2
2115,26,20,2104,2021,2
-60,0,0,-62,2021,2
39568756,1758877,1604722,40163099,2021,3
1520107,103203,99844,1615341,2021,3
7780799,306164,268973,8008666,2021,3
222128,5696,4258,233825,2021,3
7085654,289216,254476,7295878,2021,3
129964,1644,1985,131722,2021,3
343053,9608,8254,347241,2021,3
2093460,175928,151563,2290028,2021,3
8969082,384222,377418,9042168,2021,3
19205368,789360,706924,19206945,2021,3
2424831,93677,82542,2376557,2021,3
2005311,65443,104117,1647637,2021,3
8081958,408655,359442,8398293,2021,3
961653,43201,31612,1016465,2021,3
955130,20220,16028,966059,2021,3
164174,6914,5314,170883,2021,3
1194220,65371,49869,1268686,2021,3
4806781,272949,256619,4976200,2021,3
5390323,180455,120216,5541450,2021,3
982469,8714,4562,993170,2021,3
1908566,53280,40686,1842035,2021,3
2499288,118461,74968,2706245,2021,3
203,129,92,525,2021,3
1302742,41001,40515,1242483,2021,3
266757,6636,9554,229597,2021,3
1033870,34332,30944,1010759,2021,3
2115,33,17,2127,2021,3
-60,0,0,-49,2021,3
39568756,1502963,1412724,40429730,2021,4
1520107,97689,87424,1653607,2021,4
7780799,252837,237768,8051405,2021,4
222128,5906,3561,236332,2021,4
7085654,236517,223934,7333603,2021,4
129964,1964,1530,131942,2021,4
343053,8450,8743,349528,2021,4
2093460,159082,136766,2312368,2021,4
8969082,324994,322466,9101468,2021,4
19205368,668348,628300,19310930,2021,4
2424831,82823,79764,2383306,2021,4
2005311,49893,79343,1652979,2021,4
8081958,360175,331264,8453927,2021,4
961653,39840,29980,1027157,2021,4
955130,21069,14514,971503,2021,4
164174,6184,4729,172284,2021,4
1194220,59178,47766,1283426,2021,4
4806781,233904,234275,4999557,2021,4
5390323,139201,104095,5568345,2021,4
982469,6284,4196,994762,2021,4
1908566,35124,31054,1851885,2021,4
2499288,97793,68845,2721698,2021,4
203,187,79,550,2021,4
1302742,36069,33755,1251823,2021,4
266757,5461,7926,229921,2021,4
1033870,30563,25807,1019755,2021,4
2115,45,22,2147,2021,4
-60,13,0,-48,2021,4
39568756,1651398,1384767,40747837,2021,5
1520107,118120,79854,1692960,2021,5
7780799,266233,223494,8102414,2021,5
222128,6316,3809,238714,2021,5
7085654,248364,210639,7379304,2021,5
129964,1702,1482,132681,2021,5
343053,9851,7564,351715,2021,5
2093460,169750,147410,2336525,2021,5
8969082,376783,317483,9178481,2021,5
19205368,720510,616525,19437505,2021,5
2424831,83638,76889,2396339,2021,5
2005311,71584,66242,1672177,2021,5
8081958,392052,336418,8518029,2021,5
961653,41149,30457,1039365,2021,5
955130,20457,15013,977450,2021,5
164174,6677,5276,173869,2021,5
1194220,63351,48611,1297495,2021,5
4806781,260418,237061,5029850,2021,5
5390323,129467,102572,5591470,2021,5
982469,6619,5027,997370,2021,5
1908566,40317,30467,1853842,2021,5
2499288,82531,67078,2740258,2021,5
203,116,91,597,2021,5
1302742,43653,34313,1258893,2021,5
266757,8193,7869,231424,2021,5
1033870,35422,26426,1025310,2021,5
2115,38,18,2159,2021,5
-60,2,1,-48,2021,5
39568756,1698667,1380560,41054824,2021,6
1520107,117061,77708,1718654,2021,6
7780799,269505,218496,8160369,2021,6
222128,6096,3714,241188,2021,6
7085654,251850,206149,7432522,2021,6
129964,2111,1372,133066,2021,6
343053,9448,7261,353593,2021,6
2093460,171734,147577,2367168,2021,6
8969082,398984,321971,9253674,2021,6
19205368,741383,614808,19555007,2021,6
2424831,86373,73340,2409635,2021,6
2005311,81936,62738,1701058,2021,6
8081958,401510,337408,8581044,2021,6
961653,43794,31586,1050361,2021,6
955130,21664,15717,983159,2021,6
164174,6667,5082,175554,2021,6
1194220,62469,48400,1311359,2021,6
4806781,266916,236623,5060611,2021,6
5390323,130708,107583,5595595,2021,6
982469,6655,4047,999672,2021,6
1908566,36618,34661,1848527,2021,6
2499288,87435,68875,2747396,2021,6
203,131,84,635,2021,6
1302742,40725,33655,1267040,2021,6
266757,8386,6883,234098,2021,6
1033870,32303,26748,1030762,2021,6
2115,36,24,2180,2021,6
-60,0,0,-48,2021,6
39568756,1765907,1458920,41442669,2021,7
1520107,104568,78874,1729235,2021,7
7780799,288050,230095,8233986,2021,7
222128,6598,4124,242914,2021,7
7085654,270626,217408,7502563,2021,7
129964,1826,1441,133427,2021,7
343053,9000,7122,355082,2021,7
2093460,180828,150185,2402613,2021,7
8969082,415110,339917,9335686,2021,7
19205368,777348,659846,19741196,2021,7
2424831,92785,79489,2429083,2021,7
2005311,97637,68756,1736057,2021,7
8081958,417028,354013,8660356,2021,7
961653,44282,33286,1061621,2021,7
955130,22428,16719,989116,2021,7
164174,6968,5283,177371,2021,7
1194220,65997,52133,1327365,2021,7
4806781,277353,246592,5104883,2021,7
5390323,126243,122118,5633682,2021,7
982469,6430,4128,1003586,2021,7
1908566,35405,40720,1874489,2021,7
2499288,84408,77270,2755607,2021,7
203,135,97,701,2021,7
1302742,43520,35373,1281317,2021,7
266757,9455,6781,238640,2021,7
1033870,34020,28568,1040493,2021,7
2115,45,24,2184,2021,7
-60,3,3,-47,2021,7
39568756,1917917,1530072,41772824,2021,8
1520107,94237,83656,1740267,2021,8
7780799,319732,246115,8310155,2021,8
222128,6129,4403,244385,2021,8
7085654,302267,232226,7575558,2021,8
129964,2024,1663,133642,2021,8
343053,9312,7823,356570,2021,8
2093460,187517,152072,2429558,2021,8
8969082,441807,359795,9401100,2021,8
19205368,874622,688433,19891790,2021,8
2424831,98433,78985,2447196,2021,8
2005311,117211,82212,1769257,2021,8
8081958,443520,364208,8725372,2021,8
961653,45067,33807,1071354,2021,8
955130,22997,17040,995171,2021,8
164174,7389,5572,178892,2021,8
1194220,68334,52328,1341310,2021,8
4806781,299733,255461,5138645,2021,8
5390323,163029,124942,5656195,2021,8
982469,9310,5396,1008703,2021,8
1908566,68794,42832,1890755,2021,8
2499288,84925,76714,2756737,2021,8
203,157,91,754,2021,8
1302742,52272,37995,1293016,2021,8
266757,12195,7653,242835,2021,8
1033870,40042,30311,1047982,2021,8
2115,35,31,2199,2021,8
-60,2,1,-46,2021,8
39568756,1890378,1560223,42025633,2021,9
1520107,100327,89295,1734022,2021,9
7780799,318989,242820,8335764,2021,9
222128,6059,4588,245427,2021,9
7085654,301702,228707,7598479,2021,9
129964,2137,1922,133716,2021,9
343053,9091,7603,358142,2021,9
2093460,180957,154012,2445333,2021,9
8969082,443360,377946,9471568,2021,9
19205368,846744,696150,20038994,2021,9
2424831,100342,82229,2460465,2021,9
2005311,118770,85570,1803056,2021,9
8081958,432431,367415,8794494,2021,9
961653,44701,34968,1082201,2021,9
955130,23177,17122,1000237,2021,9
164174,7454,5933,180026,2021,9
1194220,67756,53811,1352300,2021,9
4806781,289343,255581,5179730,2021,9
5390323,143887,121374,5674423,2021,9
982469,10217,5100,1014498,2021,9
1908566,54120,37854,1899642,2021,9
2499288,79550,78420,2760283,2021,9
203,145,92,708,2021,9
1302742,51169,39470,1305848,2021,9
266757,12598,8403,246434,2021,9
1033870,38536,31047,1057200,2021,9
2115,35,20,2214,2021,9
-60,1,0,-48,2021,9
39568756,1841724,1588915,42339792,2021,10
1520107,90016,96261,1714567,2021,10
7780799,278540,252931,8341473,2021,10
222128,5397,4355,245808,2021,10
7085654,261391,238470,7602252,2021,10
129964,1883,1809,133484,2021,10
343053,9869,8297,359929,2021,10
2093460,174823,159048,2453642,2021,10
8969082,453459,382991,9612920,2021,10
19205368,844885,697681,20217235,2021,10
2424831,98060,84791,2476512,2021,10
2005311,121814,88015,1839815,2021,10
8081958,445881,376759,8896526,2021,10
961653,45119,34272,1093738,2021,10
955130,22899,17833,1005495,2021,10
164174,7041,5907,181727,2021,10
1194220,67399,56409,1365714,2021,10
4806781,303423,262338,5249852,2021,10
5390323,129421,111193,5686289,2021,10
982469,10200,4405,1018381,2021,10
1908566,41455,32568,1902005,2021,10
2499288,77766,74220,2765903,2021,10
203,142,188,718,2021,10
1302742,49567,36735,1317375,2021,10
266757,11816,8217,248983,2021,10
1033870,37713,28495,1066160,2021,10
2115,38,23,2232,2021,10
-60,1,3,-45,2021,10
39568756,1861468,1547309,42048454,2021,11
1520107,78005,97460,1686573,2021,11
7780799,252483,246774,8247062,2021,11
222128,4733,4352,244644,2021,11
7085654,236218,232445,7511825,2021,11
129964,1717,1949,132891,2021,11
343053,9815,8028,357702,2021,11
2093460,169638,161329,2398632,2021,11
8969082,502323,360971,9619060,2021,11
19205368,859014,680773,20097173,2021,11
2424831,100096,84049,2463445,2021,11
2005311,123880,87121,1859098,2021,11
8081958,468182,366150,8874153,2021,11
961653,44386,32849,1098024,2021,11
955130,21800,16542,1006910,2021,11
164174,7186,5485,181633,2021,11
1194220,66789,53375,1357782,2021,11
4806781,328021,257899,5229804,2021,11
5390323,118377,106511,5592767,2021,11
982469,8069,4186,993915,2021,11
1908566,33490,31127,1837823,2021,11
2499288,76818,71198,2761029,2021,11
203,125,115,726,2021,11
1302742,48354,36827,1306984,2021,11
266757,11561,9012,249911,2021,11
1033870,36749,27789,1054842,2021,11
2115,44,26,2231,2021,11
-60,5,2,-46,2021,11
39568756,1479738,1771076,42215918,2021,12
1520107,65279,93273,1712165,2021,12
7780799,170030,264441,8299997,2021,12
222128,3672,4836,245146,2021,12
7085654,156480,246907,7562042,2021,12
129964,1230,1823,132995,2021,12
343053,8648,10875,359814,2021,12
2093460,117331,172341,2435797,2021,12
8969082,403051,396911,9555062,2021,12
19205368,724047,844109,20212943,2021,12
2424831,78920,91987,2468691,2021,12
2005311,113520,94237,1861938,2021,12
8081958,399784,422157,8933101,2021,12
961653,37136,32850,1105237,2021,12
955130,16855,15440,1010659,2021,12
164174,5633,5727,182735,2021,12
1194220,51611,59543,1371051,2021,12
4806781,288549,308597,5263419,2021,12
5390323,93329,186851,5634093,2021,12
982469,4237,28703,1004817,2021,12
1908566,19696,83878,1849942,2021,12
2499288,69396,74270,2779334,2021,12
203,124,116,771,2021,12
1302742,38370,48761,1314349,2021,12
266757,10484,9556,253103,2021,12
1033870,27855,39173,1059016,2021,12
2115,31,32,2230,2021,12
-60,0,1,-46,2021,12
39568756,1850793,1683329,42569392,2022,1
1520107,110218,84626,1730086,2022,1
7780799,292233,239298,8343888,2022,1
222128,4565,4063,247028,2022,1
7085654,276173,225956,7600271,2022,1
129964,1502,1398,132928,2022,1
343053,9993,7881,363661,2022,1
2093460,188289,151124,2475580,2022,1
8969082,383221,447219,9568491,2022,1
19205368,876832,761062,20451394,2022,1
2424831,91295,86049,2483044,2022,1
2005311,106826,103986,1883696,2022,1
8081958,455442,396494,8991417,2022,1
961653,44295,37082,1113527,2022,1
955130,20097,16348,1016252,2022,1
164174,7172,6070,184140,2022,1
1194220,70098,56829,1384855,2022,1
4806781,313780,280165,5292643,2022,1
5390323,172899,131573,5756439,2022,1
982469,17641,6739,1034357,2022,1
1908566,61671,49552,1919334,2022,1
2499288,93587,75282,2802748,2022,1
203,138,93,782,2022,1
1302742,50232,42867,1336016,2022,1
266757,12388,9196,256026,2022,1
1033870,37802,33628,1077750,2022,1
2115,42,43,2240,2022,1
-60,0,0,-47,2022,1
39568756,2088905,1735431,42668548,2022,2
1520107,107852,89931,1711262,2022,2
7780799,319456,275565,8349265,2022,2
222128,6210,4328,247854,2022,2
7085654,298966,260737,7602951,2022,2
129964,1686,1753,133122,2022,2
343053,12594,8747,365338,2022,2
2093460,198740,158957,2494519,2022,2
8969082,441800,428371,9559742,2022,2
19205368,1021057,782606,20553807,2022,2
2424831,107763,93410,2497227,2022,2
2005311,123550,101792,1889183,2022,2
8081958,455674,397358,9018998,2022,2
961653,45543,37253,1122314,2022,2
955130,22047,16454,1018652,2022,2
164174,8100,6695,185367,2022,2
1194220,71451,57647,1397155,2022,2
4806781,308533,279309,5295510,2022,2
5390323,268782,146436,5801297,2022,2
982469,39983,10443,1048573,2022,2
1908566,126820,57428,1948051,2022,2
2499288,101979,78565,2804673,2022,2
203,120,109,761,2022,2
1302742,65168,43501,1346341,2022,2
266757,12528,9605,257163,2022,2
1033870,52584,33850,1086898,2022,2
2115,56,46,2280,2022,2
-60,0,1,-47,2022,2
39568756,2002266,1903110,42874116,2022,3
1520107,101334,120158,1711145,2022,3
7780799,311875,306498,8375604,2022,3
222128,5569,4743,249371,2022,3
7085654,292800,290120,7625300,2022,3
129964,1660,1466,132947,2022,3
343053,11846,10169,367986,2022,3
2093460,196183,177244,2520008,2022,3
8969082,443917,452666,9590635,2022,3
19205368,948956,846543,20676770,2022,3
2424831,108360,94177,2512780,2022,3
2005311,118796,113309,1908892,2022,3
8081958,465041,437460,9059897,2022,3
961653,47978,39191,1130744,2022,3
955130,20601,18201,1022239,2022,3
164174,8320,7093,186432,2022,3
1194220,76720,64420,1407745,2022,3
4806781,311422,308555,5312737,2022,3
5390323,195890,151032,5836504,2022,3
982469,21732,7516,1055737,2022,3
1908566,82511,53794,1965860,2022,3
2499288,91647,89722,2814907,2022,3
203,123,144,788,2022,3
1302742,60746,50421,1357909,2022,3
266757,12755,11618,260347,2022,3
1033870,47918,38770,1095273,2022,3
2115,73,33,2289,2022,3
-60,1,1,-46,2022,3
39568756,1886693,1681125,43151938,2022,4
1520107,98435,98552,1739401,2022,4
7780799,288171,261832,8421512,2022,4
222128,5827,4310,250890,2022,4
7085654,269793,247444,7666682,2022,4
129964,1629,1804,132802,2022,4
343053,10922,8274,371138,2022,4
2093460,183223,157734,2553860,2022,4
8969082,428928,398035,9638533,2022,4
19205368,887935,764972,20798685,2022,4
2424831,104718,89165,2527023,2022,4
2005311,120327,100618,1930346,2022,4
8081958,439781,398882,9107688,2022,4
961653,44908,36478,1139009,2022,4
955130,21549,17962,1025144,2022,4
164174,7601,6536,187164,2022,4
1194220,70313,59723,1420333,2022,4
4806781,295410,278183,5336038,2022,4
5390323,166967,131760,5864765,2022,4
982469,14461,7297,1061338,2022,4
1908566,62681,44872,1978457,2022,4
2499288,89825,79591,2824970,2022,4
203,132,105,829,2022,4
1302742,56010,44442,1368034,2022,4
266757,13299,10115,262845,2022,4
1033870,42667,34292,1102891,2022,4
2115,44,35,2298,2022,4
-60,1,0,-53,2022,4
39568756,2001633,1723811,43437218,2022,5
1520107,124210,95954,1775461,2022,5
7780799,312243,266335,8463692,2022,5
222128,6151,4632,252243,2022,5
7085654,292414,251032,7704960,2022,5
129964,1544,1689,132978,2022,5
343053,12134,8982,373511,2022,5
2093460,206608,172756,2584171,2022,5
8969082,456445,408547,9687547,2022,5
19205368,902127,780212,20926400,2022,5
2424831,107505,93262,2544151,2022,5
2005311,124797,103343,1948734,2022,5
8081958,453551,405760,9172099,2022,5
961653,45771,37506,1147718,2022,5
955130,21246,18341,1028768,2022,5
164174,7843,7111,187603,2022,5
1194220,72932,60344,1431766,2022,5
4806781,305759,282458,5376244,2022,5
5390323,161275,133014,5882748,2022,5
982469,12934,7333,1067319,2022,5
1908566,57393,44796,1978270,2022,5
2499288,90948,80885,2837159,2022,5
203,155,114,845,2022,5
1302742,54844,44719,1377823,2022,5
266757,12060,9562,264985,2022,5
1033870,42737,35119,1110533,2022,5
2115,47,38,2305,2022,5
-60,0,7,-53,2022,5
39568756,1933320,1648040,43662556,2022,6
1520107,126105,90045,1791684,2022,6
7780799,296441,254261,8514037,2022,6
222128,5734,4381,253812,2022,6
7085654,277279,239001,7751173,2022,6
129964,1720,1544,133449,2022,6
343053,11708,9335,375603,2022,6
2093460,196312,166001,2616526,2022,6
8969082,443512,394498,9728561,2022,6
19205368,870949,743234,21011808,2022,6
2424831,103816,86688,2557475,2022,6
2005311,116452,98064,1961932,2022,6
8081958,448980,384569,9209164,2022,6
961653,45912,37203,1152701,2022,6
955130,21218,17594,1031688,2022,6
164174,7177,6738,187703,2022,6
1194220,68672,57239,1441258,2022,6
4806781,306001,265795,5395814,2022,6
5390323,149699,131716,5895102,2022,6
982469,12792,6811,1074430,2022,6
1908566,48053,48240,1970392,2022,6
2499288,88854,76665,2850280,2022,6
203,142,126,857,2022,6
1302742,51860,42071,1387278,2022,6
266757,11460,9320,267369,2022,6
1033870,40352,32710,1117596,2022,6
2115,48,41,2313,2022,6
-60,1,1,-60,2022,6
39568756,1922549,1697211,43951395,2022,7
1520107,106028,89805,1799708,2022,7
7780799,305802,255457,8566555,2022,7
222128,6015,4446,255075,2022,7
7085654,287240,241027,7800191,2022,7
129964,1699,1228,133741,2022,7
343053,10848,8756,377548,2022,7
2093460,199624,167269,2652439,2022,7
8969082,445208,404194,9772932,2022,7
19205368,865881,780473,21159822,2022,7
2424831,100111,86787,2571874,2022,7
2005311,117287,104089,1979834,2022,7
8081958,444402,407337,9272205,2022,7
961653,42177,37194,1159413,2022,7
955130,20370,17450,1035913,2022,7
164174,7315,7215,188585,2022,7
1194220,68331,58839,1454965,2022,7
4806781,306209,286639,5433329,2022,7
5390323,151346,138992,5936663,2022,7
982469,14413,7302,1082940,2022,7
1908566,44112,51990,2000032,2022,7
2499288,92821,79700,2853691,2022,7
203,135,123,881,2022,7
1302742,52600,43145,1398365,2022,7
266757,12188,9804,270965,2022,7
1033870,40363,33300,1125077,2022,7
2115,49,41,2323,2022,7
-60,6,13,-61,2022,7
39568756,2084778,1795939,44229850,2022,8
1520107,105589,97565,1809395,2022,8
7780799,326726,274208,8622492,2022,8
222128,6290,5027,256135,2022,8
7085654,307342,258324,7853557,2022,8
129964,1717,1425,134032,2022,8
343053,11377,9432,378768,2022,8
2093460,214603,178690,2684135,2022,8
8969082,473137,428766,9831797,2022,8
19205368,964720,816706,21282091,2022,8
2424831,107611,93212,2586281,2022,8
2005311,127171,109269,1998206,2022,8
8081958,481894,418853,9331145,2022,8
961653,44946,38234,1167280,2022,8
955130,22131,17906,1039414,2022,8
164174,7828,6946,189270,2022,8
1194220,75552,61845,1464924,2022,8
4806781,331437,293922,5470257,2022,8
5390323,189392,147831,5959341,2022,8
982469,15809,7299,1087675,2022,8
1908566,82127,52487,2013801,2022,8
2499288,91456,88045,2857865,2022,8
203,138,114,893,2022,8
1302742,58514,47427,1406225,2022,8
266757,14119,10523,273529,2022,8
1033870,44339,36858,1130379,2022,8
2115,56,46,2317,2022,8
-60,3,4,-60,2022,8
39568756,1952180,1673725,44390222,2022,9
1520107,101929,92242,1807557,2022,9
7780799,307912,251975,8637161,2022,9
222128,5919,4859,256839,2022,9
7085654,290776,237410,7867056,2022,9
129964,1665,1374,133803,2022,9
343053,9552,8332,379463,2022,9
2093460,200740,169044,2689082,2022,9
8969082,457642,398777,9883236,2022,9
19205368,883954,761685,21373249,2022,9
2424831,100460,86053,2596340,2022,9
2005311,123114,104742,2013577,2022,9
8081958,458292,399352,9380144,2022,9
961653,44468,36601,1169203,2022,9
955130,20327,16826,1042758,2022,9
164174,7008,6323,190100,2022,9
1194220,73020,63061,1475387,2022,9
4806781,313469,276541,5502696,2022,9
5390323,148534,125856,5972302,2022,9
982469,10831,6096,1090431,2022,9
1908566,55752,41983,2020947,2022,9
2499288,81951,77777,2860924,2022,9
203,124,112,925,2022,9
1302742,53430,45570,1409961,2022,9
266757,13065,10501,275243,2022,9
1033870,40310,35008,1132410,2022,9
2115,55,61,2308,2022,9
-60,3,2,-63,2022,9
39568756,1818821,1658449,44518157,2022,10
1520107,92645,94483,1788619,2022,10
7780799,266324,251655,8610825,2022,10
222128,5845,5141,257583,2022,10
7085654,249493,235994,7839955,2022,10
129964,1241,1470,134012,2022,10
343053,9745,9050,379275,2022,10
2093460,177876,172929,2668812,2022,10
8969082,450929,399490,9989507,2022,10
19205368,831045,739887,21460451,2022,10
2424831,95889,85830,2606651,2022,10
2005311,120013,104642,2035038,2022,10
8081958,439782,390783,9429482,2022,10
961653,39854,37931,1171138,2022,10
955130,19470,16126,1045389,2022,10
164174,6770,5940,190269,2022,10
1194220,68962,58499,1484675,2022,10
4806781,304726,272287,5538011,2022,10
5390323,127057,114096,5976261,2022,10
982469,8029,5273,1092038,2022,10
1908566,43283,36137,2018345,2022,10
2499288,75745,72686,2865878,2022,10
203,150,118,949,2022,10
1302742,48154,44418,1412070,2022,10
266757,11338,9624,276729,2022,10
1033870,36772,34741,1133025,2022,10
2115,44,53,2316,2022,10
-60,2,5,-57,2022,10
39568756,1773246,1645311,44063003,2022,11
1520107,81331,100269,1750291,2022,11
7780799,231551,257887,8495637,2022,11
222128,5679,4935,257233,2022,11
7085654,215370,242471,7725909,2022,11
129964,1448,1239,132964,2022,11
343053,9054,9242,379531,2022,11
2093460,161253,181523,2591660,2022,11
8969082,483188,376917,9971852,2022,11
19205368,815914,728712,21253611,2022,11
2424831,95792,85481,2587255,2022,11
2005311,121570,100109,2034512,2022,11
8081958,442900,393562,9384249,2022,11
961653,37454,35519,1167585,2022,11
955130,17946,15315,1044383,2022,11
164174,6225,6056,189415,2022,11
1194220,65775,56487,1473859,2022,11
4806781,315500,280185,5509007,2022,11
5390323,111504,107545,5852407,2022,11
982469,6956,5349,1057658,2022,11
1908566,32039,34641,1940877,2022,11
2499288,72509,67555,2853872,2022,11
203,141,117,913,2022,11
1302742,44007,41898,1394275,2022,11
266757,11091,9605,276766,2022,11
1033870,32867,32252,1115189,2022,11
2115,49,41,2320,2022,11
-60,9,3,-48,2022,11
39568756,1408526,1863680,44153078,2022,12
1520107,64613,102941,1774745,2022,12
7780799,158245,273433,8530432,2022,12
222128,4208,4558,257614,2022,12
7085654,144563,258609,7760476,2022,12
129964,1063,2111,132884,2022,12
343053,8411,8155,379458,2022,12
2093460,113407,190559,2630721,2022,12
8969082,394201,411856,9920896,2022,12
19205368,678045,884885,21296331,2022,12
2424831,76239,95635,2590144,2022,12
2005311,105367,105893,2033490,2022,12
8081958,374078,419311,9400115,2022,12
961653,27580,31133,1168342,2022,12
955130,13419,14425,1045690,2022,12
164174,4951,5805,189588,2022,12
1194220,50376,61192,1483980,2022,12
4806781,277752,306756,5512515,2022,12
5390323,86065,209919,5871514,2022,12
982469,5788,40168,1065759,2022,12
1908566,17274,94742,1946827,2022,12
2499288,63003,75009,2858928,2022,12
203,82,118,889,2022,12
1302742,36214,54009,1400179,2022,12
266757,10556,10519,280224,2022,12
1033870,25606,43442,1117649,2022,12
2115,52,48,2306,2022,12
-60,15,6,-47,2022,12
39568756,1919999,1829924,44405597,2023,1
1520107,114111,89657,1791171,2023,1
7780799,300755,265960,8570703,2023,1
222128,5185,4804,258955,2023,1
7085654,284036,249469,7797653,2023,1
129964,1398,1478,133093,2023,1
343053,10136,10209,381002,2023,1
2093460,202675,163614,2653251,2023,1
8969082,411283,462239,9922663,2023,1
19205368,891172,848452,21467853,2023,1
2424831,94826,91937,2607442,2023,1
2005311,117103,118125,2049558,2023,1
8081958,459638,443772,9427079,2023,1
961653,38133,37376,1167280,2023,1
955130,20074,18767,1044900,2023,1
164174,7265,7092,189974,2023,1
1194220,74330,64209,1492772,2023,1
4806781,319836,316328,5532153,2023,1
5390323,167901,148794,5969516,2023,1
982469,21254,13153,1092096,2023,1
1908566,63975,58025,2006435,2023,1
2499288,82672,77616,2870985,2023,1
203,67,91,915,2023,1
1302742,51637,45733,1413343,2023,1
266757,14264,10806,282721,2023,1
1033870,37333,34873,1128318,2023,1
2115,40,54,2304,2023,1
-60,3,2,-44,2023,1
39568756,1990533,1738014,44600506,2023,2
1520107,106250,89824,1789744,2023,2
7780799,308549,268278,8591865,2023,2
222128,5822,4481,260516,2023,2
7085654,289569,252392,7815792,2023,2
129964,1783,1574,133175,2023,2
343053,11375,9831,382382,2023,2
2093460,185304,162774,2685770,2023,2
8969082,427215,425448,9941710,2023,2
19205368,963212,791690,21591458,2023,2
2424831,106861,89563,2630815,2023,2
2005311,127802,111734,2061575,2023,2
8081958,429400,402436,9459350,2023,2
961653,33707,34769,1168227,2023,2
955130,17147,17937,1044298,2023,2
164174,7013,6627,190633,2023,2
1194220,67988,59196,1501959,2023,2
4806781,303545,283907,5554233,2023,2
5390323,240732,142730,6017818,2023,2
982469,34776,8439,1103448,2023,2
1908566,117465,57857,2029576,2023,2
2499288,88491,76434,2884794,2023,2
203,103,77,896,2023,2
1302742,58314,45150,1421004,2023,2
266757,13252,10755,284068,2023,2
1033870,45029,34360,1134637,2023,2
2115,33,35,2299,2023,2
-60,3,0,-41,2023,2
39568756,2205082,2010173,44782429,2023,3
1520107,119185,120612,1790982,2023,3
7780799,338215,317053,8611013,2023,3
222128,6783,5222,262978,2023,3
7085654,317682,299543,7830419,2023,3
129964,1733,1651,133234,2023,3
343053,12017,10637,384382,2023,3
2093460,219711,187192,2712840,2023,3
8969082,499534,480487,9970710,2023,3
19205368,1028432,904827,21696926,2023,3
2424831,121565,98192,2646920,2023,3
2005311,139838,127821,2071312,2023,3
8081958,503197,470926,9490539,2023,3
961653,39940,38993,1170461,2023,3
955130,19952,20554,1044590,2023,3
164174,8429,7770,191349,2023,3
1194220,80564,71377,1509805,2023,3
4806781,354312,332232,5574334,2023,3
5390323,203403,155101,6057428,2023,3
982469,19477,8125,1109558,2023,3
1908566,81317,58176,2045654,2023,3
2499288,102609,88800,2902216,2023,3
203,73,92,898,2023,3
1302742,60356,52695,1429829,2023,3
266757,14353,13006,286675,2023,3
1033870,45952,39633,1140847,2023,3
2115,51,56,2307,2023,3
-60,5,2,-42,2023,3
39568756,1900257,1718334,44938596,2023,4
1520107,105318,104080,1810617,2023,4
7780799,294709,275561,8619564,2023,4
222128,6988,4526,265599,2023,4
7085654,274883,260256,7836106,2023,4
129964,1969,1910,133441,2023,4
343053,10869,8869,384418,2023,4
2093460,187244,160174,2740457,2023,4
8969082,431240,402240,9986282,2023,4
19205368,881744,776276,21781719,2023,4
2424831,104753,88648,2654191,2023,4
2005311,118593,108856,2076872,2023,4
8081958,440114,408925,9528461,2023,4
961653,36599,34365,1173369,2023,4
955130,19251,18959,1044751,2023,4
164174,7294,6578,191812,2023,4
1194220,67400,59554,1514421,2023,4
4806781,309570,289469,5604108,2023,4
5390323,166156,126546,6083974,2023,4
982469,12616,6506,1113525,2023,4
1908566,59823,43745,2055357,2023,4
2499288,93717,76295,2915092,2023,4
203,60,58,925,2023,4
1302742,52068,43243,1437296,2023,4
266757,13447,10840,289032,2023,4
1033870,38566,32356,1145946,2023,4
2115,55,47,2318,2023,4
-60,2,3,-43,2023,4
39568756,2025075,1868908,45094287,2023,5
1520107,129808,110173,1838201,2023,5
7780799,308261,299710,8631666,2023,5
222128,7616,4995,267449,2023,5
7085654,288102,282415,7845751,2023,5
129964,1810,1603,133674,2023,5
343053,10733,10697,384792,2023,5
2093460,210580,182963,2761180,2023,5
8969082,454841,439269,10007672,2023,5
19205368,921581,836788,21855612,2023,5
2424831,107711,100440,2665292,2023,5
2005311,121994,116434,2089940,2023,5
8081958,476295,438373,9567216,2023,5
961653,39695,36787,1173225,2023,5
955130,19659,19498,1045827,2023,5
164174,7632,7169,192177,2023,5
1194220,71485,66869,1520476,2023,5
4806781,337824,308050,5635511,2023,5
5390323,162181,135635,6089189,2023,5
982469,11342,7375,1114697,2023,5
1908566,56581,46878,2050803,2023,5
2499288,94258,81382,2923689,2023,5
203,87,60,916,2023,5
1302742,53313,45846,1443059,2023,5
266757,13157,10800,291500,2023,5
1033870,40093,34994,1149232,2023,5
2115,63,52,2327,2023,5
-60,4,5,-44,2023,5
39568756,1937537,1781846,45236465,2023,6
1520107,127289,99705,1851420,2023,6
7780799,290848,278746,8653141,2023,6
222128,7204,5354,268671,2023,6
7085654,271800,262155,7864164,2023,6
129964,1873,1640,134260,2023,6
343053,9971,9597,386046,2023,6
2093460,199343,178620,2786401,2023,6
8969082,445019,423629,10034468,2023,6
19205368,875032,801139,21911074,2023,6
2424831,103379,92278,2674280,2023,6
2005311,121153,108085,2099677,2023,6
8081958,456495,417740,9593372,2023,6
961653,36813,36957,1175574,2023,6
955130,19685,18609,1047869,2023,6
164174,7342,6977,192687,2023,6
1194220,70280,64225,1527017,2023,6
4806781,322375,290972,5650225,2023,6
5390323,143655,138440,6093913,2023,6
982469,8443,7271,1114912,2023,6
1908566,46036,50590,2042105,2023,6
2499288,89176,80579,2936896,2023,6
203,66,75,916,2023,6
1302742,50284,44521,1448916,2023,6
266757,12605,10137,293316,2023,6
1033870,37632,34346,1153255,2023,6
2115,47,38,2345,2023,6
-60,6,7,-39,2023,6
39568756,1903439,1761261,45456188,2023,7
1520107,105351,92132,1856525,2023,7
7780799,293269,271794,8684161,2023,7
222128,6346,5124,269728,2023,7
7085654,273966,255553,7892198,2023,7
129964,1995,1409,134788,2023,7
343053,10962,9708,387447,2023,7
2093460,201134,175913,2814287,2023,7
8969082,440631,413835,10076096,2023,7
19205368,863045,807583,22025166,2023,7
2424831,100214,91226,2686812,2023,7
2005311,120139,110402,2114397,2023,7
8081958,448894,422738,9634882,2023,7
961653,36375,34026,1176105,2023,7
955130,20528,18486,1050247,2023,7
164174,7156,6646,193067,2023,7
1194220,70181,63640,1533166,2023,7
4806781,314654,299940,5682297,2023,7
5390323,143474,138750,6131573,2023,7
982469,7290,7075,1116629,2023,7
1908566,42943,51641,2066856,2023,7
2499288,93241,80034,2948088,2023,7
203,85,85,921,2023,7
1302742,50239,44382,1456581,2023,7
266757,12526,10710,295605,2023,7
1033870,37653,33630,1158617,2023,7
2115,60,42,2359,2023,7
-60,9,4,-47,2023,7
39568756,2117429,1897706,45660802,2023,8
1520107,106003,100898,1862485,2023,8
7780799,329407,298387,8726591,2023,8
222128,6581,5524,270482,2023,8
7085654,308608,280574,7933615,2023,8
129964,2030,1502,135134,2023,8
343053,12188,10787,387360,2023,8
2093460,219955,192069,2834065,2023,8
8969082,488023,446395,10118971,2023,8
19205368,974035,859943,22118746,2023,8
2424831,110203,97671,2699412,2023,8
2005311,133831,119111,2130947,2023,8
8081958,489853,448343,9673442,2023,8
961653,38951,38420,1178102,2023,8
955130,22384,20006,1052524,2023,8
164174,7805,7425,193833,2023,8
1194220,76660,70511,1541638,2023,8
4806781,344053,311981,5707345,2023,8
5390323,183701,146041,6150923,2023,8
982469,8556,6839,1117109,2023,8
1908566,78417,53666,2076255,2023,8
2499288,96728,85536,2957559,2023,8
203,112,107,930,2023,8
1302742,56335,48670,1463092,2023,8
266757,14692,12403,298034,2023,8
1033870,41585,36223,1162664,2023,8
2115,58,44,2394,2023,8
-60,6,14,-56,2023,8
39568756,1941493,1736879,45847818,2023,9
1520107,98717,92757,1860850,2023,9
7780799,303875,261445,8747197,2023,9
222128,6147,5393,271497,2023,9
7085654,286393,244976,7951582,2023,9
129964,1830,1484,135333,2023,9
343053,9505,9592,388785,2023,9
2093460,193833,174055,2844722,2023,9
8969082,459809,416934,10169525,2023,9
19205368,885249,791669,22225563,2023,9
2424831,102335,89735,2714629,2023,9
2005311,128469,111919,2141841,2023,9
8081958,457373,418813,9735752,2023,9
961653,35867,33870,1181167,2023,9
955130,20127,17850,1056072,2023,9
164174,7148,6382,194052,2023,9
1194220,70684,62212,1548101,2023,9
4806781,323547,298499,5756360,2023,9
5390323,145728,126378,6162973,2023,9
982469,7100,6620,1118280,2023,9
1908566,52476,43077,2080874,2023,9
2499288,86152,76681,2963819,2023,9
203,76,67,945,2023,9
1302742,51268,44757,1469423,2023,9
266757,13594,11165,300257,2023,9
1033870,37611,33564,1166778,2023,9
2115,63,28,2388,2023,9
-60,10,19,-39,2023,9
39568756,1963316,1776300,45969179,2023,10
1520107,95429,97064,1839348,2023,10
7780799,287874,267268,8733126,2023,10
222128,5770,4755,271747,2023,10
7085654,269992,252025,7936355,2023,10
129964,1710,1511,135765,2023,10
343053,10402,8977,389259,2023,10
2093460,192681,182024,2825398,2023,10
8969082,479857,429303,10257056,2023,10
19205368,907456,800639,22314275,2023,10
2424831,106576,91359,2724834,2023,10
2005311,128022,117128,2156446,2023,10
8081958,488174,425864,9798242,2023,10
961653,37395,34330,1184016,2023,10
955130,21189,17641,1058502,2023,10
164174,6914,6695,194354,2023,10
1194220,70662,64199,1553032,2023,10
4806781,352014,302999,5808338,2023,10
5390323,133473,121423,6162107,2023,10
982469,6164,4993,1117818,2023,10
1908566,43501,38882,2076122,2023,10
2499288,83808,77548,2968167,2023,10
203,92,77,962,2023,10
1302742,51119,44788,1471684,2023,10
266757,13242,11019,301996,2023,10
1033870,37837,33723,1167285,2023,10
2115,40,46,2403,2023,10
-60,19,2,-24,2023,10
39568756,1881881,1760520,45517275,2023,11
1520107,82678,104180,1785470,2023,11
7780799,251765,265836,8620621,2023,11
222128,5029,4779,271196,2023,11
7085654,235568,250795,7827568,2023,11
129964,1769,1337,135538,2023,11
343053,9399,8925,386319,2023,11
2093460,172371,191695,2748069,2023,11
8969082,506162,418631,10246841,2023,11
19205368,868878,780166,22116274,2023,11
2424831,102238,92033,2699040,2023,11
2005311,126360,111755,2153875,2023,11
8081958,477995,415505,9755572,2023,11
961653,34522,31673,1182053,2023,11
955130,19103,16673,1057776,2023,11
164174,6835,6533,193762,2023,11
1194220,67124,62193,1541394,2023,11
4806781,350411,298433,5780587,2023,11
5390323,117315,118181,6045090,2023,11
982469,4860,5322,1087820,2023,11
1908566,33163,37915,1997257,2023,11
2499288,79292,74944,2960013,2023,11
203,87,70,966,2023,11
1302742,44883,42622,1461731,2023,11
266757,12691,10952,302427,2023,11
1033870,32135,31628,1156917,2023,11
2115,57,42,2387,2023,11
-60,27,12,0,2023,11
39568756,1514522,1966426,45690464,2023,12
1520107,62614,116492,1807952,2023,12
7780799,174255,286760,8686683,2023,12
222128,3939,4490,271714,2023,12
7085654,160970,269757,7892477,2023,12
129964,1418,1645,135391,2023,12
343053,7928,10868,387101,2023,12
2093460,116709,194038,2795148,2023,12
8969082,423436,433651,10207376,2023,12
19205368,737465,935466,22193304,2023,12
2424831,80714,106508,2703079,2023,12
2005311,112698,115269,2149583,2023,12
8081958,407449,450119,9798225,2023,12
961653,28427,30390,1185329,2023,12
955130,14985,15711,1061778,2023,12
164174,5434,6026,194301,2023,12
1194220,51802,63440,1553516,2023,12
4806781,306801,334552,5803301,2023,12
5390323,96346,213363,6072679,2023,12
982469,5679,35677,1092655,2023,12
1908566,18609,97474,2007219,2023,12
2499288,72058,80212,2972805,2023,12
203,80,76,965,2023,12
1302742,40178,50131,1468773,2023,12
266757,11952,11521,307218,2023,12
1033870,28174,38542,1159152,2023,12
2115,52,68,2403,2023,12
-60,43,19,1,2023,12
39568756,2111532,1938343,45998008,2024,1
1520107,115465,92983,1811638,2024,1
7780799,339904,273842,8740794,2024,1
222128,5753,5235,272994,2024,1
7085654,321364,256455,7944186,2024,1
129964,1609,1756,135562,2024,1
343053,11178,10396,388052,2024,1
2093460,220540,173461,2829847,2024,1
8969082,455720,495185,10227114,2024,1
19205368,979901,902871,22388616,2024,1
2424831,105110,101071,2723970,2024,1
2005311,126328,130620,2165593,2024,1
8081958,514239,471586,9847904,2024,1
961653,38586,35310,1188404,2024,1
955130,22207,18205,1063910,2024,1
164174,7544,7005,195126,2024,1
1194220,79692,67570,1561389,2024,1
4806781,366210,343496,5839075,2024,1
5390323,178133,150544,6169148,2024,1
982469,13796,8961,1113180,2024,1
1908566,70067,60105,2066421,2024,1
2499288,94270,81478,2989547,2024,1
203,73,74,969,2024,1
1302742,56018,48976,1481032,2024,1
266757,17068,12277,309833,2024,1
1033870,38882,36647,1168773,2024,1
2115,68,52,2426,2024,1
-60,2,1,-1,2024,1
39568756,2277268,1969724,46243041,2024,2
1520107,114452,110766,1805716,2024,2
7780799,355027,300916,8776717,2024,2
222128,6492,5212,273854,2024,2
7085654,334638,282929,7976677,2024,2
129964,1746,1575,135765,2024,2
343053,12151,11200,390421,2024,2
2093460,215891,181192,2858050,2024,2
8969082,500401,480663,10265650,2024,2
19205368,1091492,896180,22536901,2024,2
2424831,122927,102036,2751014,2024,2
2005311,143452,127442,2173116,2024,2
8081958,509942,460263,9896568,2024,2
961653,38419,35344,1192805,2024,2
955130,20354,18222,1066309,2024,2
164174,7814,6989,196053,2024,2
1194220,76401,68528,1571734,2024,2
4806781,366954,331180,5869667,2024,2
5390323,252442,155973,6226534,2024,2
982469,29419,8894,1120849,2024,2
1908566,122424,63222,2090917,2024,2
2499288,100599,83857,3014768,2024,2
203,79,75,977,2024,2
1302742,62650,50391,1488692,2024,2
266757,15755,13140,311786,2024,2
1033870,46842,37221,1174489,2024,2
2115,53,30,2417,2024,2
-60,5,7,7,2024,2
39568756,2285243,2040210,46482119,2024,3
1520107,109611,115533,1812455,2024,3
7780799,353179,317256,8812770,2024,3
222128,6330,5470,275698,2024,3
7085654,331449,298958,8008537,2024,3
129964,1958,1755,136353,2024,3
343053,13442,11073,392182,2024,3
2093460,218593,190390,2889105,2024,3
8969082,525175,486639,10294372,2024,3
19205368,1078667,930382,22673420,2024,3
2424831,128654,101610,2765457,2024,3
2005311,141681,134158,2182834,2024,3
8081958,534231,485567,9954676,2024,3
961653,40176,35775,1197533,2024,3
955130,21638,19239,1068352,2024,3
164174,8319,7392,197305,2024,3
1194220,81482,71137,1581218,2024,3
4806781,382616,352024,5910268,2024,3
5390323,211336,153950,6267149,2024,3
982469,16075,8406,1124908,2024,3
1908566,82380,57884,2105542,2024,3
2499288,112881,87660,3036699,2024,3
203,87,79,992,2024,3
1302742,62678,55018,1502312,2024,3
266757,16141,14188,315469,2024,3
1033870,46491,40775,1184437,2024,3
2115,46,55,2406,2024,3
-60,18,10,-3,2024,3
39568756,2282232,2043154,46621517,2024,4
1520107,112407,105668,1833116,2024,4
7780799,364004,327951,8831328,2024,4
222128,7171,5327,277331,2024,4
7085654,340901,309041,8023627,2024,4
129964,2536,1948,136912,2024,4
343053,13396,11635,393458,2024,4
2093460,224136,193081,2907948,2024,4
8969082,517650,488928,10302963,2024,4
19205368,1064022,927503,22746172,2024,4
2424831,124756,110313,2772314,2024,4
2005311,137674,127956,2184269,2024,4
8081958,543322,485214,9986791,2024,4
961653,42166,37438,1198918,2024,4
955130,23239,21196,1070923,2024,4
164174,8515,7263,197479,2024,4
1194220,83468,73984,1584286,2024,4
4806781,385934,345333,5935185,2024,4
5390323,194304,153689,6292488,2024,4
982469,12862,8803,1127732,2024,4
1908566,69578,54953,2112263,2024,4
2499288,111864,89933,3052493,2024,4
203,99,84,1019,2024,4
1302742,63867,50247,1509291,2024,4
266757,16944,13261,317228,2024,4
1033870,46886,36938,1189651,2024,4
2115,37,48,2412,2024,4
-60,13,23,-10,2024,4
39568756,2141724,2002326,46827978,2024,5
1520107,129555,108894,1860705,2024,5
7780799,323767,305209,8863806,2024,5
222128,7138,5505,278955,2024,5
7085654,301880,286790,8052177,2024,5
129964,2058,1499,137615,2024,5
343053,12691,11415,395059,2024,5
2093460,214218,195375,2929165,2024,5
8969082,483501,474910,10337844,2024,5
19205368,990679,917927,22836487,2024,5
2424831,116130,109273,2782635,2024,5
2005311,129819,128384,2193007,2024,5
8081958,514068,481953,10035107,2024,5
961653,39550,38165,1201712,2024,5
955130,22267,19696,1073585,2024,5
164174,7615,7441,198273,2024,5
1194220,76576,73508,1590672,2024,5
4806781,368060,343143,5970865,2024,5
5390323,173715,148376,6308187,2024,5
982469,9965,7141,1132214,2024,5
1908566,57112,50391,2109249,2024,5
2499288,106638,90844,3066724,2024,5
203,108,81,1042,2024,5
1302742,56839,49860,1516509,2024,5
266757,14386,12627,320100,2024,5
1033870,42397,37183,1193983,2024,5
2115,56,50,2426,2024,5
-60,4,11,-29,2024,5
39568756,2091777,1885316,47019681,2024,6
1520107,117628,90039,1867887,2024,6
7780799,322423,289945,8913537,2024,6
222128,6746,5122,280183,2024,6
7085654,301460,272910,8098267,2024,6
129964,2227,1524,138067,2024,6
343053,11990,10389,397020,2024,6
2093460,205633,184416,2948872,2024,6
8969082,484018,449137,10372171,2024,6
19205368,962068,871753,22917245,2024,6
2424831,110952,100631,2793968,2024,6
2005311,126437,117699,2201659,2024,6
8081958,506385,458069,10080085,2024,6
961653,38777,35983,1208096,2024,6
955130,21241,18579,1074047,2024,6
164174,7559,6765,198849,2024,6
1194220,74354,67968,1599167,2024,6
4806781,364454,328774,5999926,2024,6
5390323,164430,148731,6319283,2024,6
982469,10563,6081,1134969,2024,6
1908566,49287,52301,2101211,2024,6
2499288,104580,90349,3083103,2024,6
203,103,80,1038,2024,6
1302742,53761,46543,1521212,2024,6
266757,14322,11450,321087,2024,6
1033870,39394,35062,1197682,2024,6
2115,45,31,2443,2024,6
-60,7,26,-31,2024,6
39568756,2205749,2014046,47259203,2024,7
1520107,104538,97356,1869904,2024,7
7780799,357502,307771,8966949,2024,7
222128,6931,5703,281728,2024,7
7085654,335389,289299,8149992,2024,7
129964,2324,1872,137578,2024,7
343053,12858,10897,397651,2024,7
2093460,219232,199525,2962758,2024,7
8969082,507955,473628,10422222,2024,7
19205368,1016516,935758,23037409,2024,7
2424831,119487,108154,2810354,2024,7
2005311,134382,125730,2215993,2024,7
8081958,539336,494358,10121793,2024,7
961653,43176,36792,1213210,2024,7
955130,21612,21150,1074349,2024,7
164174,7678,7102,199323,2024,7
1194220,82233,73738,1608948,2024,7
4806781,384637,355576,6025963,2024,7
5390323,166859,155763,6359065,2024,7
982469,9216,6461,1134091,2024,7
1908566,49273,57311,2126388,2024,7
2499288,108370,91991,3098586,2024,7
203,91,95,1060,2024,7
1302742,56361,51658,1529144,2024,7
266757,14671,13684,323925,2024,7
1033870,41630,37931,1202754,2024,7
2115,60,43,2465,2024,7
-60,6,8,-39,2024,7
39568756,2253319,2013797,47512008,2024,8
1520107,98283,96266,1868136,2024,8
7780799,366072,312660,9027305,2024,8
222128,6838,5293,282880,2024,8
7085654,343910,292185,8206402,2024,8
129964,2208,2697,138079,2024,8
343053,13116,12485,399944,2024,8
2093460,217048,203162,2979887,2024,8
8969082,524139,474088,10468802,2024,8
19205368,1047762,927598,23167918,2024,8
2424831,124098,107712,2824371,2024,8
2005311,141493,127159,2229107,2024,8
8081958,531708,490000,10184259,2024,8
961653,42564,37450,1221505,2024,8
955130,21528,21226,1077921,2024,8
164174,7676,7202,200270,2024,8
1194220,81653,71872,1618888,2024,8
4806781,378287,352250,6065675,2024,8
5390323,191205,151423,6391170,2024,8
982469,5864,6742,1135277,2024,8
1908566,79216,54039,2137414,2024,8
2499288,106125,90642,3118479,2024,8
203,104,82,1079,2024,8
1302742,59154,51222,1537932,2024,8
266757,16383,13545,327027,2024,8
1033870,42707,37635,1208420,2024,8
2115,64,42,2485,2024,8
-60,15,23,-40,2024,8
39568756,2182469,1929664,47644655,2024,9
1520107,92337,94105,1862613,2024,9
7780799,352739,292383,9050734,2024,9
222128,6412,5260,282996,2024,9
7085654,332030,275620,8229959,2024,9
129964,2162,1661,138198,2024,9
343053,12135,9842,399581,2024,9
2093460,208078,190949,2979021,2024,9
8969082,510060,463480,10514097,2024,9
19205368,1019247,888738,23238232,2024,9
2424831,117594,103577,2832317,2024,9
2005311,138457,125343,2236300,2024,9
8081958,539072,476606,10223695,2024,9
961653,45456,37161,1215165,2024,9
955130,22850,19278,1080066,2024,9
164174,7672,6725,200656,2024,9
1194220,79988,70048,1624654,2024,9
4806781,383106,343394,6103154,2024,9
5390323,167822,135717,6402644,2024,9
982469,6107,4921,1133935,2024,9
1908566,56510,45484,2140226,2024,9
2499288,105205,85312,3128483,2024,9
203,108,89,1085,2024,9
1302742,56194,47406,1542191,2024,9
266757,15783,12681,329065,2024,9
1033870,40347,34681,1210656,2024,9
2115,64,44,2470,2024,9
-60,8,9,-42,2024,9
39568756,2235289,2102642,47752213,2024,10
1520107,95637,101160,1843350,2024,10
7780799,345751,322322,9044160,2024,10
222128,6016,5900,283244,2024,10
7085654,326100,302543,8223373,2024,10
129964,2215,2096,138570,2024,10
343053,11420,11783,398973,2024,10
2093460,208328,209194,2948628,2024,10
8969082,546664,501369,10609755,2024,10
19205368,1038898,968584,23306356,2024,10
2424831,122019,114073,2839655,2024,10
2005311,144284,137091,2254076,2024,10
8081958,565821,526385,10263841,2024,10
961653,39610,45950,1217112,2024,10
955130,22620,20475,1081401,2024,10
164174,7966,7580,200833,2024,10
1194220,80168,74402,1628315,2024,10
4806781,415457,377978,6136180,2024,10
5390323,152572,141098,6400639,2024,10
982469,4264,5606,1129572,2024,10
1908566,47549,44737,2136082,2024,10
2499288,100759,90755,3134985,2024,10
203,96,90,1127,2024,10
1302742,54106,49847,1547018,2024,10
266757,15362,13324,331455,2024,10
1033870,38706,36470,1213103,2024,10
2115,38,53,2460,2024,10
-60,11,13,-36,2024,10
39568756,1993895,1886337,47204688,2024,11
1520107,81851,101114,1796485,2024,11
7780799,278089,284663,8927122,2024,11
222128,5710,5462,282417,2024,11
7085654,260408,266994,8109779,2024,11
129964,2129,1757,138690,2024,11
343053,9842,10450,396236,2024,11
2093460,170819,201212,2858057,2024,11
8969082,533845,438187,10584176,2024,11
19205368,929275,861151,23038868,2024,11
2424831,108437,101099,2812836,2024,11
2005311,136803,119027,2240603,2024,11
8081958,509212,469066,10196064,2024,11
961653,37135,35188,1216505,2024,11
955130,19547,18212,1079823,2024,11
164174,6862,6685,200216,2024,11
1194220,69221,65560,1616505,2024,11
4806781,376447,343421,6083015,2024,11
5390323,125463,127468,6260999,2024,11
982469,3893,8256,1097607,2024,11
1908566,34390,38534,2053792,2024,11
2499288,87180,80678,3109600,2024,11
203,128,86,1109,2024,11
1302742,49232,44405,1527257,2024,11
266757,14255,11865,331413,2024,11
1033870,34935,32488,1193450,2024,11
2115,42,52,2394,2024,11
-60,16,10,-20,2024,11
39568756,1531969,2079494,47348774,2024,12
1520107,63523,110388,1832856,2024,12
7780799,176973,294011,8998036,2024,12
222128,4194,5021,283016,2024,12
7085654,162202,275796,8179469,2024,12
129964,1840,1720,139001,2024,12
343053,8737,11474,396550,2024,12
2093460,109629,200200,2896598,2024,12
8969082,432003,457582,10533099,2024,12
19205368,749811,1017299,23088205,2024,12
2424831,87069,113888,2812985,2024,12
2005311,113194,126667,2230800,2024,12
8081958,415321,483098,10221705,2024,12
961653,29748,30355,1216083,2024,12
955130,14368,15946,1079930,2024,12
164174,5184,5801,201159,2024,12
1194220,51492,63302,1627784,2024,12
4806781,314529,367694,6096749,2024,12
5390323,97205,236845,6285580,2024,12
982469,2248,34213,1101467,2024,12
1908566,18424,100714,2062383,2024,12
2499288,76533,101918,3121730,2024,12
203,68,86,1120,2024,12
1302742,36954,56715,1536015,2024,12
266757,13121,13163,335680,2024,12
1033870,23807,43460,1197968,2024,12
2115,26,92,2367,2024,12
-60,30,14,-20,2024,12
39568756,2295477,2151391,47780769,2025,1
1520107,129505,93134,1852698,2025,1
7780799,378632,307718,9067920,2025,1
222128,6082,5483,284750,2025,1
7085654,357099,287409,8242818,2025,1
129964,2011,1700,139411,2025,1
343053,13440,13126,400941,2025,1
2093460,225641,187100,2937469,2025,1
8969082,499019,550096,10579686,2025,1
19205368,1062680,1013343,23343017,2025,1
2424831,113620,113471,2839209,2025,1
2005311,133166,142969,2258133,2025,1
8081958,557119,531478,10309651,2025,1
961653,39367,39789,1220089,2025,1
955130,20652,20545,1083263,2025,1
164174,8131,7188,202883,2025,1
1194220,86162,74883,1642018,2025,1
4806781,402807,389073,6161398,2025,1
5390323,194948,170367,6383991,2025,1
982469,12411,8551,1118075,2025,1
1908566,76346,67755,2127579,2025,1
2499288,106191,94061,3138337,2025,1
203,106,95,1122,2025,1
1302742,63721,54963,1550911,2025,1
266757,18994,14727,340497,2025,1
1033870,44684,40166,1208048,2025,1
2115,43,70,2366,2025,1
-60,0,0,-21,2025,1
